# key upstream slug; pinned revisions and licenses are in ATTRIBUTION.txt
default lucide file
code lucide file-code
config lucide file-cog
text lucide file-text
image lucide file-image
audio lucide file-music
video lucide file-video-camera
archive lucide file-archive
spreadsheet lucide file-spreadsheet
font lucide file-type
database lucide database
lock lucide file-lock
license lucide shield-check
notebook lucide notebook-pen
folder lucide folder
folder-open lucide folder-open
chevron-right lucide chevron-right
chevron-down lucide chevron-down
chevron-left lucide chevron-left
close lucide x
settings lucide settings
terminal lucide terminal
files lucide panel-left
structure lucide list-tree
diagnostics lucide triangle-alert
debug lucide bug
git-branch lucide git-branch
split_right lucide columns-2
split_down lucide rows-2
viewer-image lucide image
hex lucide binary
extension lucide puzzle
plus lucide plus
minus lucide minus
search lucide search
new-file lucide file-plus
rust simple-icons rust
python simple-icons python
javascript simple-icons javascript
typescript simple-icons typescript
react simple-icons react
ruby simple-icons ruby
cmake simple-icons cmake
llvm simple-icons llvm
docker simple-icons docker
bash simple-icons gnubash
c simple-icons c
cpp simple-icons cplusplus
dotnet simple-icons dotnet
r-language simple-icons r
html simple-icons html5
css simple-icons css
markdown simple-icons markdown
json simple-icons json
yaml simple-icons yaml
git simple-icons git
github simple-icons github
gitlab simple-icons gitlab
go simple-icons go
godot simple-icons godotengine
dart simple-icons dart
elixir simple-icons elixir
elm simple-icons elm
eslint simple-icons eslint
ethereum simple-icons ethereum
fsharp simple-icons fsharp
firebase simple-icons firebase
firefox simple-icons firefox
gradle simple-icons gradle
graphql simple-icons graphql
grunt simple-icons grunt
gulp simple-icons gulp
haskell simple-icons haskell
haxe simple-icons haxe
ionic simple-icons ionic
jenkins simple-icons jenkins
jinja simple-icons jinja
julia simple-icons julia
kotlin simple-icons kotlin
less simple-icons less
lua simple-icons lua
maven simple-icons apachemaven
nim simple-icons nim
npm simple-icons npm
nunjucks simple-icons nunjucks
ocaml simple-icons ocaml
perl simple-icons perl
php simple-icons php
platformio simple-icons platformio
prisma simple-icons prisma
pug simple-icons pug
puppet simple-icons puppet
purescript simple-icons purescript
reason simple-icons reason
rescript simple-icons rescript
rollup simple-icons rollupdotjs
rails simple-icons rubyonrails
scala simple-icons scala
spring simple-icons spring
stylelint simple-icons stylelint
stylus simple-icons stylus
sublime simple-icons sublimetext
svelte simple-icons svelte
swift simple-icons swift
terraform simple-icons terraform
tex simple-icons latex
wasm simple-icons webassembly
yarn simple-icons yarn
zig simple-icons zig
babel simple-icons babel
bazel simple-icons bazel
bower simple-icons bower
coffee simple-icons coffeescript
crystal simple-icons crystal
editorconfig simple-icons editorconfig
groovy simple-icons apachegroovy
clojure simple-icons clojure
ejs simple-icons ejs
